"05-24-2015 MOVIES! Sun FINAL","Start Time","Length","Brk. Code Fmt.","Content Type","Description","Ad-ID","8:00:00 AM","[SignOn] : MOVI/MOVIE/Primary Log, Sun 5/24/15, 8:00 AM","8:00:00 AM","2:55:00","Movies!/10seg/2:55:00--Movies!","8:00:00 AM","***  Anna and the King of Siam  ***","8:00:00 AM",":15","Open","8:00:00 AM",":15","PRO","PRO","MOVIE OPEN: TV-PG - CC","1083","8:00:15 AM","17:41","ENT","FOXM283  Anna and the King of Sia","8:17:56 AM","5:30","Break 1","8:17:56 AM",":15","PRO","PRO","PRIME_ICONS_SUN PRIME MOVIE - TNT 8/7C","2220","8:18:11 AM","2:00","CM","CM","(249758-7-2) SCN Products, LLC - DR--SITC Sit N Cycle :120--SIT2 SIT N CYCLE 120","SNC3120RM","8:20:11 AM","1:00","CM","CM","(252795-1-18) Senior Life Insurance - DR--May 2015- ROP4--May 2015- ROP4","ROP4H","8:21:11 AM","***  *LOCAL AFFILIATE BREAK 2:00  ***","8:21:11 AM","1:00","AFIL","CM","(241072-3-87) Advanced Tax Help (PI)--ATX60 0575    800-354-0575  :60--ATX60 0575    800-354-0575  :60","ATX600575","8:22:11 AM","1:00","AFIL","CM","(252075-1-31) Implus Footcare - DR--Ab Carver :60--418772008 /41811016    50/50 split","418772008H","8:23:11 AM",":15","PRO","PRO","IMAGE_MEMORIAL_DAY_MOVIES_MON","1223","8:23:26 AM","12:47","ENT","FOXM283  Anna and the King of Sia","8:36:13 AM","5:15","Break 2","8:36:13 AM",":15","PRO","PRO","PRIME_ICONS_TUES PRIME MOVIE - TUES 8/7C","2203","8:36:28 AM",":30","CM","CM","(249990-1-273) Maune Law - DR--Mesothelioma :30--Mesothelioma :30","MESOONLY30021H","8:36:58 AM",":30","CM","CM","(253843-1-147) Pulaski and Middleman - DR--Xaralto :30--PM-XR-714","PLX415","8:37:28 AM","1:00","CM","CM","(253787-7-5) Health Media Connection - DR--Dental Plus :60--Dental Plus:60  isci  TRG4440378","TRG4440378","8:38:28 AM","***  *LOCAL AFFILIATE BREAK 3:00  ***","8:38:28 AM","2:00","AFIL","CM","(248980-2-13) Eisai Inc. - DR--BVQ Belviq :120 (weight loss drug)--5221 BELVIQ APR-JUNE 2015 :120","0072426266H","8:40:28 AM","1:00","AFIL","CM","(252702-2-119) Senior Life Insurance - DR--2Q 2015- MAY--2Q 2015","FINALEXP13NAT4","8:41:28 AM","12:20","ENT","FOXM283  Anna and the King of Sia","8:53:48 AM","5:20","Break 3","8:53:48 AM",":20","PRO","PRO","IMAGE_MAGIC OF MOVIES!","1174","8:54:08 AM","2:00","CM","CM","(249758-7-4) SCN Products, LLC - DR--SITC Sit N Cycle :120--SIT2 SIT N CYCLE 120","SNC3120RM","8:56:08 AM","1:00","CM","CM","(252795-2-86) Senior Life Insurance - DR--May 2015- ROP4--May 2015- ROP4","ROP4H","8:57:08 AM","2:00","CM","CM","(254408-1-1) IdeaVillage Products Corp. - DR--Copper Fit Back :120--COPBAK2MF078H (800-895-8929)","COPBAK2MF078H","8:59:08 AM",":05","Legal ID","8:59:08 AM","***  *LEGAL AFFILIATE ID TRIGGER  ***","8:59:08 AM",":05","ID","PRO","LEGAL ID - BLANK BED","1004","8:59:13 AM","13:36","ENT","FOXM283  Anna and the King of Sia","9:12:49 AM","5:15","Break 4","9:12:49 AM",":15","PRO","PRO","PRIME_ICONS_WEDS PRIME MOVIE - WEDS 8/7C","2206","9:13:04 AM",":30","CM","CM","(249990-1-271) Maune Law - DR--Mesothelioma :30--Mesothelioma :30","MESOONLY30021H","9:13:34 AM",":30","CM","CM","(253843-1-149) Pulaski and Middleman - DR--Xaralto :30--PM-XR-714","PLX415","9:14:04 AM","2:00","CM","CM","(254348-3-1) All Star Marketing - DR--Purse Pouch :120--PPOUCH2MF018 (800-399-6716)","PPOUCH2MF018","9:16:04 AM","***  *LOCAL AFFILIATE BREAK 2:00  ***","9:16:04 AM","1:00","AFIL","CM","(252841-2-39) Guaranteed Rate - DR--GRAT Guaranteed Rate :60--GR60 Guaranteed Rate :60","GRTBA608300H","9:17:04 AM","1:00","AFIL","CM","(253638-1-14) Sokolove Law, LLC - DR--MESO Mesothelioma :60--8M60 8 Mesos 60 :60","MESO8MAD601","9:18:04 AM","13:01","ENT","FOXM283  Anna and the King of Sia","9:31:05 AM","5:25","Break 5","9:31:05 AM",":15","PRO","PRO","FRAN_MYSTERY MOVIES! TOPICAL TDY","1166","9:31:20 AM","2:00","CM","CM","(253901-1-1) PhotoMedex - DR--MEDX PhotoMedex :120--XGH2  XTRAC 120A Generic V3 HD","XGH293572H","9:33:20 AM","2:00","CM","CM","(249758-7-3) SCN Products, LLC - DR--SITC Sit N Cycle :120--SIT2 SIT N CYCLE 120","SNC3120RM","9:35:20 AM","1:00","CM","CM","(253787-7-8) Health Media Connection - DR--Dental Plus :60--Dental Plus:60  isci  TRG4440378","TRG4440378","9:36:20 AM",":10","PRO","PRO","IMAGE_FAST-CUT STARS","1192"
"05-24-2015 MOVIES! Sun FINAL (05/22/15 11:33:14 AM)","Page 1 of 1505-24-2015 MOVIES! Sun FINAL","Start Time","Length","Brk. Code Fmt.","Content Type","Description","Ad-ID","9:36:30 AM","11:22","ENT","FOXM283  Anna and the King of Sia","9:47:52 AM","4:30","Break 6","9:47:52 AM",":15","PRO","PRO","IMAGE_MEMORIAL_DAY_MOVIES_MON","1223","9:48:07 AM",":30","CM","CM","(249990-1-270) Maune Law - DR--Mesothelioma :30--Mesothelioma :30","MESOONLY30021H","9:48:37 AM",":30","CM","CM","(253571-2-2) Forever Health - DR--Forever Health :30--Forever Health :30","FHC3001","9:49:07 AM","***  *LOCAL AFFILIATE BREAK 3:00  ***","9:49:07 AM","2:00","AFIL","CM","(248980-2-23) Eisai Inc. - DR--BVQ Belviq :120 (weight loss drug)--5221 BELVIQ APR-JUNE 2015 :120","0072426266H","9:51:07 AM","1:00","AFIL","CM","(251874-2-15) Tommie Copper - DR--TCOP Tommie Copper :60  (Active wear)--LIFE  LifeTime","TCSG1011MOVH","9:52:07 AM",":15","PRO","PRO","PRIME_ICONS_TUES PRIME MOVIE - TUES 8/7C","2203","9:52:22 AM","12:25","ENT","FOXM283  Anna and the King of Sia","10:04:47 AM",":05","Legal ID","10:04:47 AM","***  *LEGAL AFFILIATE ID TRIGGER  ***","10:04:47 AM",":05","ID","PRO","LEGAL ID - BLANK BED","1004","10:04:52 AM","5:00","Break 7","10:04:52 AM","1:00","PRO","PRO","ONE-MIN_LONG DAYS JOURNEY THURS 5/28 @ 11:35p","1207","10:05:52 AM","1:00","CM","CM","(253921-2-7) RevShare - DR--LION Relion Group :60 - low testosterone--LWT6 Relion LowT :60","U1YNZZQVMLZS","10:06:52 AM","1:00","CM","CM","(252702-1-35) Senior Life Insurance - DR--2Q 2015- MAY--2Q 2015","FINALEXP13NAT4","10:07:52 AM","***  *LOCAL AFFILIATE BREAK 2:00  ***","10:07:52 AM","1:00","AFIL","CM","(252841-2-40) Guaranteed Rate - DR--GRAT Guaranteed Rate :60--GR60 Guaranteed Rate :60","GRTBA608300H","10:08:52 AM","1:00","AFIL","CM","(252075-1-32) Implus Footcare - DR--Ab Carver :60--418772008 /41811016    50/50 split","418511016H","10:09:52 AM","12:01","ENT","FOXM283  Anna and the King of Sia","10:21:53 AM","5:30","Break 8","10:21:53 AM",":15","PRO","PRO","NEXT_SUN MOVIE 2","1136","10:22:08 AM","2:00","CM","CM","(249758-7-5) SCN Products, LLC - DR--SITC Sit N Cycle :120--SIT2 SIT N CYCLE 120","SNC3120RM","10:24:08 AM","2:00","CM","CM","(253516-5-4) ASPCA - DR--ASPCA :120--ASPCA :120","E2BKCM086H","10:26:08 AM",":30","CM","CM","(249990-1-272) Maune Law - DR--Mesothelioma :30--Mesothelioma :30","MESOONLY30021H","10:26:38 AM",":30","CM","CM","(253571-2-3) Forever Health - DR--Forever Health :30--Forever Health :30","FHC3001","10:27:08 AM",":15","PRO","PRO","PRIME_ICONS_WEDS PRIME MOVIE - WEDS 8/7C","2206","10:27:23 AM","11:11","ENT","FOXM283  Anna and the King of Sia","10:38:34 AM","4:30","Break 9","10:38:34 AM",":15","PRO","PRO","NEXT_SUN MOVIE 2","1136","10:38:49 AM",":30","CM","CM","(253861-3-1) Invent Help - DR--Invent Help :30/:60--Invent Help :30/:60","GFWR31673H","10:39:19 AM",":30","CM","CM","(253843-1-146) Pulaski and Middleman - DR--Xaralto :30--PM-XR-714","PLX415","10:39:49 AM","***  *LOCAL AFFILIATE BREAK 3:00  ***","10:39:49 AM","2:00","AFIL","CM","(248980-2-24) Eisai Inc. - DR--BVQ Belviq :120 (weight loss drug)--5221 BELVIQ APR-JUNE 2015 :120","0072426266H","10:41:49 AM","1:00","AFIL","CM","(251874-2-16) Tommie Copper - DR--TCOP Tommie Copper :60  (Active wear)--LIFE  LifeTime","TCSG1011MOVH","10:42:49 AM",":15","PRO","PRO","FRAN_MYSTERY MOVIES! TOPICAL TDY","1166","10:43:04 AM","11:36","ENT","FOXM283  Anna and the King of Sia","10:54:40 AM",":05","Legal ID","10:54:40 AM","***  *LEGAL AFFILIATE ID TRIGGER  ***","10:54:40 AM",":05","ID","PRO","LEGAL ID - BLANK BED","1004","10:54:45 AM",":15","Close","10:54:45 AM",":15","PRO","PRO","NEXT_SUN MOVIE 2","1136","10:55:00 AM","5:00","Promo/Premiering in June Promos--Promos","10:55:00 AM","5:00","MOVIES! Premiering in June","11:00:00 AM","1:50:00","Movies!/ 7seg/1:50:00--Movies!","11:00:00 AM",":15","Crime and Mystery Open","11:00:00 AM",":15","PRO","PRO","FRAN_CRIME MYSTERY MOVIES! OPEN","1159"
"05-24-2015 MOVIES! Sun FINAL (05/22/15 11:33:14 AM)","Page 2 of 1505-24-2015 MOVIES! Sun FINAL","Start Time","Length","Brk. Code Fmt.","Content Type","Description","Ad-ID","11:00:15 AM","***  Nadine  ***","11:00:15 AM",":15","Open","11:00:15 AM",":15","PRO","PRO","MOVIE OPEN: TV-PG","1051","11:00:30 AM","17:27","ENT","SONYM165  Nadine","11:17:57 AM","3:45","Break 1","11:17:57 AM",":15","PRO","PRO","FRAN_MYSTERY MOVIES! BUMP 5","1176","11:18:12 AM",":30","CM","CM","(248870-3-308) DealDash, Inc. - DR--DealDash.com   :30--DDTV3001A    dealdash.com","DDTV3001AH","11:18:42 AM","1:00","CM","CM","(252815-5-11) Medical Direct Club LLC - DR--CURRENT BEEP/MDC MALE COMBO :60--3043 MDC May 2015","CBBP415MOV","11:19:42 AM","***  *LOCAL AFFILIATE BREAK 2:00  ***","11:19:42 AM","2:00","AFIL","CM","(254414-1-1) Swift Response - DR--Flex Shot V4 (Cannon) :120--4FSHOTMG001H (800-660-5834)","4FSHOT2MG001H","11:21:42 AM","10:38","ENT","SONYM165  Nadine","11:32:20 AM","4:15","Break 2","11:32:20 AM",":15","PRO","PRO","PRIME_ICONS_SUN PRIME MOVIE - TNT 8/7C","2220","11:32:35 AM","2:00","CM","CM","(253516-5-3) ASPCA - DR--ASPCA :120--ASPCA :120","E2SLCM011H","11:34:35 AM","2:00","CM","CM","(254302-3-1) All Star Marketing - DR--Power Floss :120--FLOSS2MA031 (800-839-5138)","PFLOSS2MA031","11:36:35 AM","10:08","ENT","SONYM165  Nadine","11:46:43 AM","4:30","Break 3","11:46:43 AM",":15","PRO","PRO","IMAGE_MEMORIAL_DAY_MOVIES_MON","1223","11:46:58 AM","1:00","CM","CM","(248978-2-77) RevShare - DR--LION Relion Group :60--LIP6 Lipitor Tort Lit Relion :60","U1M1ZZ6I7KAS","11:47:58 AM","***  *LOCAL AFFILIATE BREAK 3:00  ***","11:47:58 AM","2:00","AFIL","CM","(248980-2-14) Eisai Inc. - DR--BVQ Belviq :120 (weight loss drug)--5221 BELVIQ APR-JUNE 2015 :120","0072426266H","11:49:58 AM","1:00","AFIL","CM","(251742-12-8) A Place for Mom - DR--A Place For Mom :60--A Place For Mom :60","PFM31AX61H","11:50:58 AM",":15","PRO","PRO","FRAN_MYSTERY MOVIES! BUMP 1","1160","11:51:13 AM","10:29","ENT","SONYM165  Nadine","12:01:42 PM",":05","Legal ID","12:01:42 PM","***  *LEGAL AFFILIATE ID TRIGGER  ***","12:01:42 PM",":05","ID","PRO","LEGAL ID - BLANK BED","1004","12:01:47 PM","4:30","Break 4","12:01:47 PM","1:00","PRO","PRO","ONE-MIN_PAPER MOON TNT 5/24 @ 8p","1188","12:02:47 PM",":30","CM","CM","(248870-3-315) DealDash, Inc. - DR--DealDash.com   :30--DDTV3001A    dealdash.com","DDTV3001AH","12:03:17 PM","1:00","CM","CM","(252815-5-8) Medical Direct Club LLC - DR--CURRENT BEEP/MDC MALE COMBO :60--3043 MDC May 2015","MEDC7321MOV","12:04:17 PM","***  *LOCAL AFFILIATE BREAK 2:00  ***","12:04:17 PM","2:00","AFIL","CM","(249595-2-27) United Healthcare - DR--MSI2  Medicare Supplement Ins :120--MSI2  Medicare Supplement Ins :120","GBR42120MOVIH","12:06:17 PM","14:18","ENT","SONYM165  Nadine","12:20:35 PM","4:45","Break 5","12:20:35 PM",":15","PRO","PRO","NEXT_SUN MOVIE 3","1137","12:20:50 PM","2:00","CM","CM","(253516-4-10) ASPCA - DR--ASPCA :120--ASPCA :120","E2BKCM086H","12:22:50 PM","1:30","CM","CM","(252760-6-3) Londen Insurance - DR--Funeral Advantage :90--Funeral Advantage :90","LC15029616400H","12:24:20 PM","1:00","CM","CM","(253787-7-4) Health Media Connection - DR--Dental Plus :60--Dental Plus:60  isci  TRG4440378","TRG4440378","12:25:20 PM","9:10","ENT","SONYM165  Nadine","12:34:30 PM","4:15","Break 6","12:34:30 PM",":15","PRO","PRO","IMAGE_ICONIC ACTOR JOAN CRAWFORD","1322","12:34:45 PM",":30","CM","CM","(248870-3-302) DealDash, Inc. - DR--DealDash.com   :30--DDTV3001A    dealdash.com","DDTV3001AH","12:35:15 PM",":30","CM","CM","(251393-1-45) Wayfair.com - DR--WF Wayfair :30--WF30 WF 030","WF305022","12:35:45 PM","***  *LOCAL AFFILIATE BREAK 3:00  ***","12:35:45 PM","2:00","AFIL","CM","(248980-3-24) Eisai Inc. - DR--BVQ Belviq :120 (weight loss drug)--5221 BELVIQ APR-JUNE 2015 :120","0072426266H","12:37:45 PM","1:00","AFIL","CM","(249687-3-62) Akin Mears - DR--MESO  Mesothelioma US :60--ME60  Live Version :60","MS60FR6221H","12:38:45 PM","10:50","ENT","SONYM165  Nadine"
"05-24-2015 MOVIES! Sun FINAL (05/22/15 11:33:14 AM)","Page 3 of 1505-24-2015 MOVIES! Sun FINAL","Start Time","Length","Brk. Code Fmt.","Content Type","Description","Ad-ID","12:49:35 PM",":25","Close","12:49:35 PM",":10","PRO","PRO","MOVIE CLOSE","1080","12:49:45 PM",":15","PRO","PRO","NEXT_SUN MOVIE 3","1137","12:50:00 PM","2:20:00","Movies!/ 8seg/2:20:00--Movies!","12:50:00 PM","***  Jagged Edge  ***","12:50:00 PM",":15","Open","12:50:00 PM",":15","PRO","PRO","MOVIE OPEN: TV-14 (L,V,S)","1066","12:50:15 PM","18:36","ENT","SONYM247  Jagged Edge","1:08:51 PM",":05","Legal ID","1:08:51 PM","***  *LEGAL AFFILIATE ID TRIGGER  ***","1:08:51 PM",":05","ID","PRO","LEGAL ID - BLANK BED","1004","1:08:56 PM","3:30","Break 1","1:08:56 PM",":30","PRO","PRO","IMAGE_BILLY_WILDER_ICONATHON_MAY31","1264","1:09:26 PM",":30","CM","CM","(248870-3-320) DealDash, Inc. - DR--DealDash.com   :30--DDTV3001A    dealdash.com","DDTV3001AH","1:09:56 PM",":30","CM","CM","(251393-1-48) Wayfair.com - DR--WF Wayfair :30--WF30 WF 030","WF305041H","1:10:26 PM","***  *LOCAL AFFILIATE BREAK 2:00  ***","1:10:26 PM","1:30","AFIL","CM","(249794-3-13) Coverdell - DR--Care Free Dental :90--Care Free Dental :90","CD1502C7974998","1:11:56 PM",":30","AFIL","CM","(234520-3-201) Listen Up America (PI)--LULI 30 4150 800-380-4150--LULI 30 4150 800-380-4150","LULI304150","1:12:26 PM","15:10","ENT","SONYM247  Jagged Edge","1:27:36 PM","4:00","Break 2","1:27:36 PM",":15","PRO","PRO","PRIME_ICONS_TUES PRIME MOVIE - TUES 8/7C","2203","1:27:51 PM","1:30","CM","CM","(252760-7-2) Londen Insurance - DR--Funeral Advantage :90--Funeral Advantage :90","LC15029616400H","1:29:21 PM","2:00","CM","CM","(249244-3-61) Consumer Cellular - DR--Cell Phone Service :120--ZBRK2227009  376-2035","ZBRK2230009H","1:31:21 PM",":15","PRO","PRO","FRAN_MYSTERY MOVIES! BUMP 3","1262","1:31:36 PM","15:01","ENT","SONYM247  Jagged Edge","1:46:37 PM","5:00","Break 3","1:46:37 PM",":15","PRO","PRO","PRIME_ICONS_WEDS PRIME MOVIE - WEDS 8/7C","2206","1:46:52 PM",":30","CM","CM","(248870-3-311) DealDash, Inc. - DR--DealDash.com   :30--DDTV3001A    dealdash.com","DDTV3001AH","1:47:22 PM","1:00","CM","CM","(253787-7-7) Health Media Connection - DR--Dental Plus :60--Dental Plus:60  isci  TRG4440378","TRG4440378","1:48:22 PM","***  *LOCAL AFFILIATE BREAK 3:00  ***","1:48:22 PM","2:00","AFIL","CM","(248980-3-13) Eisai Inc. - DR--BVQ Belviq :120 (weight loss drug)--5221 BELVIQ APR-JUNE 2015 :120","0072426266H","1:50:22 PM","1:00","AFIL","CM","(249687-3-64) Akin Mears - DR--MESO  Mesothelioma US :60--ME60  Live Version :60","MS60FR6221H","1:51:22 PM",":15","PRO","PRO","PRIME_ICONS_SUN PRIME MOVIE - TNT 8/7C","2220","1:51:37 PM",":05","Legal ID","1:51:37 PM","***  *LEGAL AFFILIATE ID TRIGGER  ***","1:51:37 PM",":05","ID","PRO","LEGAL ID - BLANK BED","1004","1:51:42 PM","16:39","ENT","SONYM247  Jagged Edge","2:08:21 PM","4:30","Break 4","2:08:21 PM",":15","PRO","PRO","IMAGE_MEMORIAL_DAY_MOVIES_MON","1223","2:08:36 PM","1:00","CM","CM","(252815-5-14) Medical Direct Club LLC - DR--CURRENT BEEP/MDC MALE COMBO :60--3043 MDC May 2015","CBBP415MOV","2:09:36 PM","1:00","CM","CM","(254144-11-11) Liberty Mutual Insurance - DR--CAR LMI 3/4 Car :60--2D15  CAR LMI 3/4 Car :60","XLMH0451000H","2:10:36 PM","***  *LOCAL AFFILIATE BREAK 2:00  ***","2:10:36 PM","2:00","AFIL","CM","(253568-1-2) The American Legion - DR--The American Legion :120--The American Legion :120","TALOB2CXH","2:12:36 PM",":15","PRO","PRO","FRAN_MYSTERY MOVIES! BUMP 4","1263","2:12:51 PM","13:28","ENT","SONYM247  Jagged Edge","2:26:19 PM","4:30","Break 5","2:26:19 PM",":15","PRO","PRO","PRIME_ICONS_TUES PRIME MOVIE - TUES 8/7C","2203","2:26:34 PM",":15","PRO","PRO","IMAGE_ICONIC ACTOR ROBERT REDFORD","1191"
"05-24-2015 MOVIES! Sun FINAL (05/22/15 11:33:14 AM)","Page 4 of 1505-24-2015 MOVIES! Sun FINAL","Start Time","Length","Brk. Code Fmt.","Content Type","Description","Ad-ID","2:26:49 PM","2:00","CM","CM","(249244-3-63) Consumer Cellular - DR--Cell Phone Service :120--ZBRK2227009  376-2035","ZBRK2227009H","2:28:49 PM","2:00","CM","CM","(249406-2-21) ONTEL Products Corporation - DR--FTAN FOOT ANGEL :120--FMB2 :120 FA MASSAGE BALL","FMB2NE2541","2:30:49 PM","8:59","ENT","SONYM247  Jagged Edge","2:39:48 PM","4:55","Break 6","2:39:48 PM",":15","PRO","PRO","NEXT_SUN MOVIE 4","1138","2:40:03 PM","1:30","CM","CM","(252760-6-4) Londen Insurance - DR--Funeral Advantage :90--Funeral Advantage :90","LC15029616400H","2:41:33 PM","***  *LOCAL AFFILIATE BREAK 3:00  ***","2:41:33 PM","1:00","AFIL","CM","(252841-2-42) Guaranteed Rate - DR--GRAT Guaranteed Rate :60--GR60 Guaranteed Rate :60","GRTBA608300H","2:42:33 PM","2:00","AFIL","CM","(253640-4-1) IdeaVillage Products Corp. - DR--Copper Fit :120--COPFIT2MI031H (800-698-5606)","COPFIT2MI031H","2:44:33 PM",":10","PRO","PRO","IMAGE_GENRE MOVIES!","1309","2:44:43 PM","10:49","ENT","SONYM247  Jagged Edge","2:55:32 PM","4:00","Break 7","2:55:32 PM",":15","PRO","PRO","NEXT_SUN MOVIE 4","1138","2:55:47 PM",":15","PRO","PRO","PRIME_ICONS_WEDS PRIME MOVIE - WEDS 8/7C","2206","2:56:02 PM","2:00","CM","CM","(253516-4-11) ASPCA - DR--ASPCA :120--ASPCA :120","E2SLCM011H","2:58:02 PM",":30","CM","CM","(248870-3-314) DealDash, Inc. - DR--DealDash.com   :30--DDTV3001A    dealdash.com","DDTV3001AH","2:58:32 PM","1:00","CM","CM","(253787-7-1) Health Media Connection - DR--Dental Plus :60--Dental Plus:60  isci  TRG4440378","TRG4440378","2:59:32 PM",":05","Legal ID","2:59:32 PM","***  *LEGAL AFFILIATE ID TRIGGER  ***","2:59:32 PM",":05","ID","PRO","LEGAL ID - BLANK BED","1004","2:59:37 PM","9:53","ENT","SONYM247  Jagged Edge","3:09:30 PM",":15","Crime and Mystery Close","3:09:30 PM",":15","PRO","PRO","FRAN_CRIME MYSTERY MOVIES! CLOSE","1162","3:09:45 PM",":15","Close","3:09:45 PM",":15","PRO","PRO","NEXT_SUN MOVIE 4","1138","3:10:00 PM","2:40:00","Movies!/ 9seg/2:40:00--Movies!","3:10:00 PM","***  Walking Tall  ***","3:10:00 PM",":15","Open","3:10:00 PM",":15","PRO","PRO","MOVIE OPEN: TV-14 (L,V,S)","1066","3:10:15 PM","22:17","ENT","PARAM136  Walking Tall","3:32:32 PM","3:30","Break 1","3:32:32 PM",":15","PRO","PRO","PRIME_ICONS_SUN PRIME MOVIE - TNT 8/7C","2220","3:32:47 PM","1:00","CM","CM","(254144-11-10) Liberty Mutual Insurance - DR--CAR LMI 3/4 Car :60--2D15  CAR LMI 3/4 Car :60","XLMH0451000H","3:33:47 PM","***  *LOCAL AFFILIATE BREAK 2:00  ***","3:33:47 PM","2:00","AFIL","CM","(253662-1-3) Disabled American Veterans - DR--Disabled American Veterans :120--Disabled American Veterans :120","DAVOD2CXH","3:35:47 PM",":15","PRO","PRO","IMAGE_MEMORIAL_DAY_MOVIES_MON","1223","3:36:02 PM","12:46","ENT","PARAM136  Walking Tall","3:48:48 PM","4:30","Break 2","3:48:48 PM",":15","PRO","PRO","IMAGE_ICONIC ACTOR JOHN WAYNE","1324","3:49:03 PM",":30","CM","CM","(248870-3-310) DealDash, Inc. - DR--DealDash.com   :30--DDTV3001A    dealdash.com","DDTV3001AH","3:49:33 PM",":30","CM","CM","(251393-1-46) Wayfair.com - DR--WF Wayfair :30--WF30 WF 030","WF305043H","3:50:03 PM","***  *LOCAL AFFILIATE BREAK 3:00  ***","3:50:03 PM","2:00","AFIL","CM","(249595-2-28) United Healthcare - DR--MSI2  Medicare Supplement Ins :120--MSI2  Medicare Supplement Ins :120","GBR42120MOVIH","3:52:03 PM","1:00","AFIL","CM","(253787-3-5) Health Media Connection - DR--Dental Plus :60--Dental Plus:60  isci  TRG4440378","TRG4440378","3:53:03 PM",":15","PRO","PRO","PRIME_ICONS_TUES PRIME MOVIE - TUES 8/7C","2203","3:53:18 PM",":05","Legal ID","3:53:18 PM","***  *LEGAL AFFILIATE ID TRIGGER  ***","3:53:18 PM",":05","ID","PRO","LEGAL ID - BLANK BED","1004"
"05-24-2015 MOVIES! Sun FINAL (05/22/15 11:33:14 AM)","Page 5 of 1505-24-2015 MOVIES! Sun FINAL","Start Time","Length","Brk. Code Fmt.","Content Type","Description","Ad-ID","3:53:23 PM","14:48","ENT","PARAM136  Walking Tall","4:08:11 PM","4:30","Break 3","4:08:11 PM","1:00","PRO","PRO","ONE-MIN_LONG DAYS JOURNEY THURS 5/28 @ 11:35p","1207","4:09:11 PM","1:30","CM","CM","(252760-6-2) Londen Insurance - DR--Funeral Advantage :90--Funeral Advantage :90","LC15029616400H","4:10:41 PM","***  *LOCAL AFFILIATE BREAK 2:00  ***","4:10:41 PM","1:00","AFIL","CM","(249687-3-60) Akin Mears - DR--MESO  Mesothelioma US :60--ME60  Live Version :60","MS60FR6221H","4:11:41 PM","1:00","AFIL","CM","(252841-2-41) Guaranteed Rate - DR--GRAT Guaranteed Rate :60--GR60 Guaranteed Rate :60","GRTBA608300H","4:12:41 PM","12:03","ENT","PARAM136  Walking Tall","4:24:44 PM","5:00","Break 4","4:24:44 PM",":15","PRO","PRO","PRIME_ICONS_WEDS PRIME MOVIE - WEDS 8/7C","2206","4:24:59 PM","2:00","CM","CM","(249244-3-60) Consumer Cellular - DR--Cell Phone Service :120--ZBRK2227009  376-2035","ZBRK2230009H","4:26:59 PM","1:00","CM","CM","(253921-2-8) RevShare - DR--LION Relion Group :60 - low testosterone--LWT6 Relion LowT :60","U1YNZZQVMLZS","4:27:59 PM","1:00","CM","CM","(254144-11-7) Liberty Mutual Insurance - DR--CAR LMI 3/4 Car :60--2D15  CAR LMI 3/4 Car :60","XLMH0451000H","4:28:59 PM",":30","CM","CM","(248870-3-312) DealDash, Inc. - DR--DealDash.com   :30--DDTV3001A    dealdash.com","DDTV3001AH","4:29:29 PM",":15","PRO","PRO","PRIME_ICONS_SUN PRIME MOVIE - TNT 8/7C","2220","4:29:44 PM","12:09","ENT","PARAM136  Walking Tall","4:41:53 PM","4:30","Break 5","4:41:53 PM",":15","PRO","PRO","IMAGE_MEMORIAL_DAY_MOVIES_MON","1223","4:42:08 PM","1:00","CM","CM","(253787-7-2) Health Media Connection - DR--Dental Plus :60--Dental Plus:60  isci  TRG4440378","TRG4440378","4:43:08 PM","***  *LOCAL AFFILIATE BREAK 3:00  ***","4:43:08 PM","2:00","AFIL","CM","(249595-2-26) United Healthcare - DR--MSI2  Medicare Supplement Ins :120--MSI2  Medicare Supplement Ins :120","GBR42120MOVIH","4:45:08 PM","1:00","AFIL","CM","(249687-3-61) Akin Mears - DR--MESO  Mesothelioma US :60--ME60  Live Version :60","MS60FR6221H","4:46:08 PM",":15","PRO","PRO","PRIME_ICONS_TUES PRIME MOVIE - TUES 8/7C","2203","4:46:23 PM","12:26","ENT","PARAM136  Walking Tall","4:58:49 PM",":05","Legal ID","4:58:49 PM","***  *LEGAL AFFILIATE ID TRIGGER  ***","4:58:49 PM",":05","ID","PRO","LEGAL ID - BLANK BED","1004","4:58:54 PM","4:15","Break 6","4:58:54 PM",":15","PRO","PRO","PRIME_ICONS_WEDS PRIME MOVIE - WEDS 8/7C","2206","4:59:09 PM","2:00","CM","CM","(253516-4-9) ASPCA - DR--ASPCA :120--ASPCA :120","E2SLCM011H","5:01:09 PM",":30","CM","CM","(248870-3-304) DealDash, Inc. - DR--DealDash.com   :30--DDTV3001A    dealdash.com","DDTV3001AH","5:01:39 PM",":30","CM","CM","(249990-1-274) Maune Law - DR--Mesothelioma :30--Mesothelioma :30","MESOONLY30021H","5:02:09 PM","1:00","CM","CM","(254144-11-14) Liberty Mutual Insurance - DR--CAR LMI 3/4 Car :60--2D15  CAR LMI 3/4 Car :60","XLMH0451000H","5:03:09 PM","13:46","ENT","PARAM136  Walking Tall","5:16:55 PM","4:30","Break 7","5:16:55 PM",":15","PRO","PRO","NEXT_SUN MOVIE 5","1139","5:17:10 PM",":15","PRO","PRO","PRIME_ICONS_SUN PRIME MOVIE - TNT 8/7C","2220","5:17:25 PM","1:30","CM","CM","(252760-7-3) Londen Insurance - DR--Funeral Advantage :90--Funeral Advantage :90","LC15029616400H","5:18:55 PM",":30","CM","CM","(251393-1-47) Wayfair.com - DR--WF Wayfair :30--WF30 WF 030","WF305022","5:19:25 PM","***  *LOCAL AFFILIATE BREAK 2:00  ***","5:19:25 PM","1:30","AFIL","CM","(249794-3-14) Coverdell - DR--Care Free Dental :90--Care Free Dental :90","CD1502C7974998","5:20:55 PM",":30","AFIL","CM","(234520-3-198) Listen Up America (PI)--LULI 30 4150 800-380-4150--LULI 30 4150 800-380-4150","LULI304150","5:21:25 PM","13:40","ENT","PARAM136  Walking Tall","5:35:05 PM","3:45","Break 8","5:35:05 PM",":15","PRO","PRO","NEXT_SUN MOVIE 5","1139","5:35:20 PM",":30","CM","CM","(248870-3-305) DealDash, Inc. - DR--DealDash.com   :30--DDTV3001A    dealdash.com","DDTV3001AH","5:35:50 PM","***  *LOCAL AFFILIATE BREAK 3:00  ***","5:35:50 PM","2:00","AFIL","CM","(249595-2-30) United Healthcare - DR--MSI2  Medicare Supplement Ins :120--MSI2  Medicare Supplement Ins :120","GBR42120MOVIH"
"05-24-2015 MOVIES! Sun FINAL (05/22/15 11:33:14 AM)","Page 6 of 1505-24-2015 MOVIES! Sun FINAL","Start Time","Length","Brk. Code Fmt.","Content Type","Description","Ad-ID","5:37:50 PM","1:00","AFIL","CM","(253638-1-13) Sokolove Law, LLC - DR--MESO Mesothelioma :60--8M60 8 Mesos 60 :60","MESO8MAD601","5:38:50 PM","10:45","ENT","PARAM136  Walking Tall","5:49:35 PM",":25","Close","5:49:35 PM",":10","PRO","PRO","MOVIE CLOSE","1080","5:49:45 PM",":15","PRO","PRO","NEXT_SUN MOVIE 5","1139","5:50:00 PM","2:10:00","Movies!/Things Change/2:10:00--Movies!","5:50:00 PM","***  Things Change  ***","5:50:00 PM",":15","Open","5:50:00 PM",":15","PRO","PRO","MOVIE OPEN: TV-PG (L)","1033","5:50:15 PM","16:03","ENT","Segment 1","6:06:18 PM",":05","Legal ID","6:06:18 PM","***  *LEGAL AFFILIATE ID TRIGGER  ***","6:06:18 PM",":05","ID","PRO","LEGAL ID - BLANK BED","1004","6:06:23 PM","3:30","Break 1","6:06:23 PM",":15","PRO","PRO","IMAGE_MEMORIAL_DAY_MOVIES_MON","1223","6:06:38 PM","1:00","CM","CM","(254144-11-9) Liberty Mutual Insurance - DR--CAR LMI 3/4 Car :60--2D15  CAR LMI 3/4 Car :60","XLMH0451000H","6:07:38 PM","***  *LOCAL AFFILIATE BREAK 2:00  ***","6:07:38 PM","2:00","AFIL","CM","(248980-3-14) Eisai Inc. - DR--BVQ Belviq :120 (weight loss drug)--5221 BELVIQ APR-JUNE 2015 :120","0072426266H","6:09:38 PM",":15","PRO","PRO","PRIME_ICONS_TUES PRIME MOVIE - TUES 8/7C","2203","6:09:53 PM","11:31","ENT","Segment 2","6:21:24 PM","4:30","Break 2","6:21:24 PM",":15","PRO","PRO","PRIME_ICONS_WEDS PRIME MOVIE - WEDS 8/7C","2206","6:21:39 PM",":30","CM","CM","(248870-3-300) DealDash, Inc. - DR--DealDash.com   :30--DDTV3001A    dealdash.com","DDTV3001AH","6:22:09 PM","2:00","CM","CM","(249244-3-62) Consumer Cellular - DR--Cell Phone Service :120--ZBRK2227009  376-2035","ZBRK2227009H","6:24:09 PM","1:30","CM","CM","(252760-6-1) Londen Insurance - DR--Funeral Advantage :90--Funeral Advantage :90","LC15029616400H","6:25:39 PM",":15","PRO","PRO","IMAGE_MEMORIAL_DAY_MOVIES_MON","1223","6:25:54 PM","10:46","ENT","Segment 3","6:36:40 PM","3:45","Break 3","6:36:40 PM",":30","PRO","PRO","IMAGE_BILLY_WILDER_ICONATHON_MAY31","1264","6:37:10 PM","2:00","CM","CM","(253640-2-3) IdeaVillage Products Corp. - DR--Copper Fit :120--COPFIT2MI031H (800-698-5606)","COPFIT2MI031H","6:39:10 PM","1:00","CM","CM","(254144-11-12) Liberty Mutual Insurance - DR--CAR LMI 3/4 Car :60--2D15  CAR LMI 3/4 Car :60","XLMH0451000H","6:40:10 PM",":15","PRO","PRO","IMAGE_ICONIC ACTOR AUDREY HEPBURN","1323","6:40:25 PM","11:52","ENT","Segment 4","6:52:17 PM","4:30","Break 4","6:52:17 PM",":15","PRO","PRO","PRIME_ICONS_TUES PRIME MOVIE - TUES 8/7C","2203","6:52:32 PM",":30","CM","CM","(234520-3-292) Listen Up America (PI)--LULI 30 4150 800-380-4150--LULI 30 4150 800-380-4150","LULI304150","6:53:02 PM",":30","CM","CM","(248870-3-309) DealDash, Inc. - DR--DealDash.com   :30--DDTV3001A    dealdash.com","DDTV3001AH","6:53:32 PM","***  *LOCAL AFFILIATE BREAK 3:00  ***","6:53:32 PM","2:00","AFIL","CM","(249595-2-29) United Healthcare - DR--MSI2  Medicare Supplement Ins :120--MSI2  Medicare Supplement Ins :120","GBR42120MOVIH","6:55:32 PM","1:00","AFIL","CM","(252841-2-45) Guaranteed Rate - DR--GRAT Guaranteed Rate :60--GR60 Guaranteed Rate :60","GRTBA608300H","6:56:32 PM",":15","PRO","PRO","PRIME_ICONS_WEDS PRIME MOVIE - WEDS 8/7C","2206","6:56:47 PM",":05","Legal ID","6:56:47 PM","***  *LEGAL AFFILIATE ID TRIGGER  ***","6:56:47 PM",":05","ID","PRO","LEGAL ID - BLANK BED","1004","6:56:52 PM","13:08","ENT","Segment 5","7:10:00 PM","4:30","Break 5","7:10:00 PM",":15","PRO","PRO","NEXT_SUN MOVIE 6","1140","7:10:15 PM","2:00","CM","CM","(249406-2-20) ONTEL Products Corporation - DR--FTAN FOOT ANGEL :120--FMB2 :120 FA MASSAGE BALL","FMB2NE2541"
"05-24-2015 MOVIES! Sun FINAL (05/22/15 11:33:14 AM)","Page 7 of 1505-24-2015 MOVIES! Sun FINAL","Start Time","Length","Brk. Code Fmt.","Content Type","Description","Ad-ID","7:12:15 PM","***  *LOCAL AFFILIATE BREAK 2:00  ***","7:12:15 PM","2:00","AFIL","CM","(254411-1-1) Swift Response - DR--Flex Seal Colors :120--FSCOLO2MC040H (800-822-4193)","FSCOLO2MC040H","7:14:15 PM",":15","PRO","PRO","IMAGE_BILLY_WILDER_ICONATHON_MAY31","1265","7:14:30 PM","14:11","ENT","Segment 6","7:28:41 PM","4:30","Break 6","7:28:41 PM",":15","PRO","PRO","IMAGE_MEMORIAL_DAY_MOVIES_MON","1223","7:28:56 PM","2:00","CM","CM","(249758-7-1) SCN Products, LLC - DR--SITC Sit N Cycle :120--SIT2 SIT N CYCLE 120","SNC3120RM","7:30:56 PM","1:00","CM","CM","(254144-11-8) Liberty Mutual Insurance - DR--CAR LMI 3/4 Car :60--2D15  CAR LMI 3/4 Car :60","XLMH0451000H","7:31:56 PM",":30","CM","CM","(248870-3-306) DealDash, Inc. - DR--DealDash.com   :30--DDTV3001A    dealdash.com","DDTV3001AH","7:32:26 PM",":30","CM","CM","(251393-1-50) Wayfair.com - DR--WF Wayfair :30--WF30 WF 030","WF305041H","7:32:56 PM",":15","PRO","PRO","PRIME_ICONS_TUES PRIME MOVIE - TUES 8/7C","2203","7:33:11 PM","10:00","ENT","Segment 7","7:43:11 PM","3:30","Break 7","7:43:11 PM",":15","PRO","PRO","NEXT_SUN MOVIE 6","1140","7:43:26 PM",":15","PRO","PRO","PRIME_ICONS_WEDS PRIME MOVIE - WEDS 8/7C","2206","7:43:41 PM","***  *LOCAL AFFILIATE BREAK 3:00  ***","7:43:41 PM","2:00","AFIL","CM","(248980-3-23) Eisai Inc. - DR--BVQ Belviq :120 (weight loss drug)--5221 BELVIQ APR-JUNE 2015 :120","0072426266H","7:45:41 PM","1:00","AFIL","CM","(253796-4-1) Covidien--Treat Barretts :60--1314COV8756H (800-859-8756)","1314COV8756H","7:46:41 PM","12:59","ENT","Segment 8","7:59:40 PM",":05","Legal ID","7:59:40 PM","***  *LEGAL AFFILIATE ID TRIGGER  ***","7:59:40 PM",":05","ID","PRO","LEGAL ID - BLANK BED","1004","7:59:45 PM",":15","Close","7:59:45 PM",":15","PRO","PRO","NEXT_SUN MOVIE 6","1140","8:00:00 PM","2:10:00","Movies!/Paper Moon/2:10:00--Movies!","8:00:00 PM","***  Paper Moon  ***","8:00:00 PM",":15","Open","8:00:00 PM",":15","PRO","PRO","MOVIE OPEN: TV-PG (D) - CC","1089","8:00:15 PM","18:16","ENT","Segment 1","8:18:31 PM","3:30","Break 1","8:18:31 PM",":15","PRO","PRO","IMAGE_BILLY_WILDER_ICONATHON_MAY31","1265","8:18:46 PM",":30","CM","CM","(249427-12-16) Stamps.com - DR--STMP  Stamps.com :30--2015  STAMPS.COM 2015","STAM0030R2BH","8:19:16 PM",":30","CM","CM","(248870-4-77) DealDash, Inc. - DR--DealDash.com   :30--DDTV3001A    dealdash.com","DDTV3001AH","8:19:46 PM","***  *LOCAL AFFILIATE BREAK 2:00  ***","8:19:46 PM","2:00","AFIL","CM","(248980-4-13) Eisai Inc. - DR--BVQ Belviq :120 (weight loss drug)--5221 BELVIQ APR-JUNE 2015 :120","0072426266H","8:21:46 PM",":15","PRO","PRO","IMAGE_MEMORIAL_DAY_MOVIES_MON","1223","8:22:01 PM","11:08","ENT","Segment 2","8:33:09 PM","4:30","Break 2","8:33:09 PM",":30","PRO","PRO","IMAGE_AT THE MOVIES","1246","8:33:39 PM","2:00","CM","CM","(252546-2-34) SimpliSafe - DR--Simplisafe :120--REV You're Covered :120 ZBRK2367","ZBRK2367H","8:35:39 PM","2:00","CM","CM","(254349-3-1) All Star Marketing - DR--Wonder Wallet Allstar :120--ALLWOW2ME013 (800-335-3108)","ALLWOW2ME013","8:37:39 PM","10:51","ENT","Segment 3","8:48:30 PM","3:30","Break 3","8:48:30 PM",":15","PRO","PRO","PRIME_ICONS_TUES PRIME MOVIE - TUES 8/7C","2203","8:48:45 PM","***  *LOCAL AFFILIATE BREAK 3:00  ***","8:48:45 PM","1:00","AFIL","CM","(253787-3-8) Health Media Connection - DR--Dental Plus :60--Dental Plus:60  isci  TRG4440378","TRG4440378","8:49:45 PM","1:00","AFIL","CM","(253554-2-39) TriStone Solutions-PI--Beverly Hills Litigation Group- IVC tort--310-449-1477- IVC100IH","IVC1001H","8:50:45 PM","1:00","AFIL","CM","(252795-2-59) Senior Life Insurance - DR--May 2015- ROP4--May 2015- ROP4","ROP4H"
"05-24-2015 MOVIES! Sun FINAL (05/22/15 11:33:14 AM)","Page 8 of 1505-24-2015 MOVIES! Sun FINAL","Start Time","Length","Brk. Code Fmt.","Content Type","Description","Ad-ID","8:51:45 PM",":15","PRO","PRO","PRIME_ICONS_WEDS PRIME MOVIE - WEDS 8/7C","2206","8:52:00 PM","13:38","ENT","Segment 4","9:05:38 PM",":05","Legal ID","9:05:38 PM","***  *LEGAL AFFILIATE ID TRIGGER  ***","9:05:38 PM",":05","ID","PRO","LEGAL ID - BLANK BED","1004","9:05:43 PM","4:00","Break 4","9:05:43 PM",":15","PRO","PRO","IMAGE_BILLY_WILDER_ICONATHON_MAY31","1265","9:05:58 PM",":30","CM","CM","(248870-4-79) DealDash, Inc. - DR--DealDash.com   :30--DDTV3001A    dealdash.com","DDTV3001AH","9:06:28 PM","1:00","CM","CM","(252815-6-13) Medical Direct Club LLC - DR--CURRENT BEEP/MDC MALE COMBO :60--3043 MDC May 2015","MEDC7321MOV","9:07:28 PM","***  *LOCAL AFFILIATE BREAK 2:00  ***","9:07:28 PM","2:00","AFIL","CM","(248980-4-24) Eisai Inc. - DR--BVQ Belviq :120 (weight loss drug)--5221 BELVIQ APR-JUNE 2015 :120","0072426266H","9:09:28 PM",":15","PRO","PRO","IMAGE_MEMORIAL_DAY_MOVIES_MON","1223","9:09:43 PM","13:04","ENT","Segment 5","9:22:47 PM","3:30","Break 5","9:22:47 PM",":15","PRO","PRO","PRIME_ICONS_TUES PRIME MOVIE - TUES 8/7C","2203","9:23:02 PM","2:00","CM","CM","(252236-1-8) STL International - DR--Teeter Hang Ups :120--800-992-5860","SB43979045H","9:25:02 PM","1:00","CM","CM","(253787-7-6) Health Media Connection - DR--Dental Plus :60--Dental Plus:60  isci  TRG4440378","TRG4440378","9:26:02 PM",":15","PRO","PRO","NEXT_SUN MOVIE 7","1141","9:26:17 PM","13:43","ENT","Segment 6","9:40:00 PM","4:20","Break 6","9:40:00 PM",":20","PRO","PRO","IMAGE_MAGIC OF MOVIES!","1174","9:40:20 PM","2:00","CM","CM","(252546-2-15) SimpliSafe - DR--Simplisafe :120--REV You're Covered :120 ZBRK2367","ZBRK2367H","9:42:20 PM","1:00","CM","CM","(252815-6-12) Medical Direct Club LLC - DR--CURRENT BEEP/MDC MALE COMBO :60--3043 MDC May 2015","CBBP415MOV","9:43:20 PM",":30","CM","CM","(253861-2-4) Invent Help - DR--Invent Help :30/:60--Invent Help :30/:60","GFWR31673H","9:43:50 PM",":30","CM","CM","(248870-4-78) DealDash, Inc. - DR--DealDash.com   :30--DDTV3001A    dealdash.com","DDTV3001AH","9:44:20 PM","9:42","ENT","Segment 7","9:54:02 PM","3:30","Break 7","9:54:02 PM",":15","PRO","PRO","NEXT_SUN MOVIE 7","1141","9:54:17 PM","***  *LOCAL AFFILIATE BREAK 3:00  ***","9:54:17 PM","2:00","AFIL","CM","(248980-4-14) Eisai Inc. - DR--BVQ Belviq :120 (weight loss drug)--5221 BELVIQ APR-JUNE 2015 :120","0072426266H","9:56:17 PM","1:00","AFIL","CM","(251874-3-15) Tommie Copper - DR--TCOP Tommie Copper :60  (Active wear)--LIFE  LifeTime","TCSG1011MOVH","9:57:17 PM",":15","PRO","PRO","PRIME_ICONS_WEDS PRIME MOVIE - WEDS 8/7C","2206","9:57:32 PM",":05","Legal ID","9:57:32 PM","***  *LEGAL AFFILIATE ID TRIGGER  ***","9:57:32 PM",":05","ID","PRO","LEGAL ID - BLANK BED","1004","9:57:37 PM","11:58","ENT","Segment 8","10:09:35 PM",":25","Close","10:09:35 PM",":10","PRO","PRO","MOVIE CLOSE","1080","10:09:45 PM",":15","PRO","PRO","NEXT_SUN MOVIE 7","1141","10:10:00 PM","2:45:00","Movies!/ 9seg/2:45:00--Movies!","10:10:00 PM","***  Annie (1982)  ***","10:10:00 PM",":15","Open","10:10:00 PM",":15","PRO","PRO","MOVIE OPEN: TV-PG","1051","10:10:15 PM","18:59","ENT","SONYM302  Annie (1982)","10:29:14 PM","4:30","Break 1","10:29:14 PM",":30","PRO","PRO","IMAGE_BILLY_WILDER_ICONATHON_MAY31","1264","10:29:44 PM",":30","CM","CM","(248870-4-76) DealDash, Inc. - DR--DealDash.com   :30--DDTV3001A    dealdash.com","DDTV3001AH","10:30:14 PM",":30","CM","CM","(249427-12-30) Stamps.com - DR--STMP  Stamps.com :30--2015  STAMPS.COM 2015","STAM0030R2BH"
"05-24-2015 MOVIES! Sun FINAL (05/22/15 11:33:14 AM)","Page 9 of 1505-24-2015 MOVIES! Sun FINAL","Start Time","Length","Brk. Code Fmt.","Content Type","Description","Ad-ID","10:30:44 PM","1:00","CM","CM","(252815-6-7) Medical Direct Club LLC - DR--CURRENT BEEP/MDC MALE COMBO :60--3043 MDC May 2015","MEDC7321MOV","10:31:44 PM","***  *LOCAL AFFILIATE BREAK 2:00  ***","10:31:44 PM","1:00","AFIL","CM","(251874-3-16) Tommie Copper - DR--TCOP Tommie Copper :60  (Active wear)--LIFE  LifeTime","TCSG1011MOVH","10:32:44 PM","1:00","AFIL","CM","(253787-3-6) Health Media Connection - DR--Dental Plus :60--Dental Plus:60  isci  TRG4440378","TRG4440378","10:33:44 PM","21:00","ENT","SONYM302  Annie (1982)","10:54:44 PM","4:30","Break 2","10:54:44 PM",":15","PRO","PRO","IMAGE_MEMORIAL_DAY_MOVIES_MON","1223","10:54:59 PM","***  *LOCAL AFFILIATE BREAK 3:00  ***","10:54:59 PM","2:00","AFIL","CM","(248980-4-23) Eisai Inc. - DR--BVQ Belviq :120 (weight loss drug)--5221 BELVIQ APR-JUNE 2015 :120","0072426266H","10:56:59 PM","1:00","AFIL","CM","(253861-1-7) Invent Help - DR--Invent Help :30/:60--Invent Help :30/:60","GFWR61673CH","10:57:59 PM","***  NETWORK BREAK  ***","10:57:59 PM","1:00","CM","CM","(253787-7-3) Health Media Connection - DR--Dental Plus :60--Dental Plus:60  isci  TRG4440378","TRG4440378","10:58:59 PM",":15","PRO","PRO","PRIME_ICONS_TUES PRIME MOVIE - TUES 8/7C","2203","10:59:14 PM",":05","Legal ID","10:59:14 PM","***  *LEGAL AFFILIATE ID TRIGGER  ***","10:59:14 PM",":05","ID","PRO","LEGAL ID - BLANK BED","1004","10:59:19 PM","11:26","ENT","SONYM302  Annie (1982)","11:10:45 PM","5:30","Break 3","11:10:45 PM",":15","PRO","PRO","PRIME_ICONS_WEDS PRIME MOVIE - WEDS 8/7C","2206","11:11:00 PM","2:00","CM","CM","(252236-1-7) STL International - DR--Teeter Hang Ups :120--800-992-5860","SB43979045H","11:13:00 PM",":30","CM","CM","(248870-4-75) DealDash, Inc. - DR--DealDash.com   :30--DDTV3001A    dealdash.com","DDTV3001AH","11:13:30 PM",":30","CM","CM","(253080-8-1) Club W - DR--CLUW Club W :30 (wine club)--CBW3 Club W :30","CBW30000H","11:14:00 PM","***  *LOCAL AFFILIATE BREAK 2:00  ***","11:14:00 PM","1:00","AFIL","CM","(249687-2-119) Akin Mears - DR--MESO  Mesothelioma US :60--ME60  Live Version :60","MS60FR6221H","11:15:00 PM","1:00","AFIL","CM","(249721-3-57) Cancer Treatment Centers - DR--CTCA Cancer Treatment Centers :60--5223 CABLE SCATTER :60","RMFNA6009H","11:16:00 PM",":15","PRO","PRO","IMAGE_BILLY_WILDER_ICONATHON_MAY31","1265","11:16:15 PM","11:38","ENT","SONYM302  Annie (1982)","11:27:53 PM","4:30","Break 4","11:27:53 PM",":15","PRO","PRO","IMAGE_MEMORIAL_DAY_MOVIES_MON","1223","11:28:08 PM","2:00","CM","CM","(246914-3-216) Guthy Renker - DR--CHAZ CHAZ DEAN HAIR :120 (hair products)--CDB2 :120 CHAZ DEAN BRUSH :120","CDB2NE7504H","11:30:08 PM","2:00","CM","CM","(252546-2-33) SimpliSafe - DR--Simplisafe :120--REV You're Covered :120 ZBRK2367","ZBRK2367H","11:32:08 PM",":15","PRO","PRO","PRIME_ICONS_TUES PRIME MOVIE - TUES 8/7C","2203","11:32:23 PM","14:48","ENT","SONYM302  Annie (1982)","11:47:11 PM","5:30","Break 5","11:47:11 PM",":15","PRO","PRO","PRIME_ICONS_WEDS PRIME MOVIE - WEDS 8/7C","2206","11:47:26 PM","2:00","CM","CM","(254348-5-1) All Star Marketing - DR--Purse Pouch :120--PPOUCH2MF018 (800-399-6716)","PPOUCH2MF018","11:49:26 PM","***  *LOCAL AFFILIATE BREAK 3:00  ***","11:49:26 PM","2:00","AFIL","CM","(248980-6-3) Eisai Inc. - DR--BVQ Belviq :120 (weight loss drug)--5221 BELVIQ APR-JUNE 2015 :120","0072426266H","11:51:26 PM","1:00","AFIL","CM","(249721-3-55) Cancer Treatment Centers - DR--CTCA Cancer Treatment Centers :60--5223 CABLE SCATTER :60","LTMNA6008H","11:52:26 PM",":15","PRO","PRO","IMAGE_MOVIES! WEB REMINDER WIDGET","1325","11:52:41 PM","12:06","ENT","SONYM302  Annie (1982)","12:04:47 XM",":05","Legal ID","12:04:47 XM","***  *LEGAL AFFILIATE ID TRIGGER  ***","12:04:47 XM",":05","ID","PRO","LEGAL ID - BLANK BED","1004","12:04:52 XM","4:30","Break 6","12:04:52 XM",":15","PRO","PRO","IMAGE_BILLY_WILDER_ICONATHON_MAY31","1265","12:05:07 XM","2:00","CM","CM","(253640-1-11) IdeaVillage Products Corp. - DR--Copper Fit :120--COPFIT2MI031H (800-698-5606)","COPFIT2MI031H","12:07:07 XM","***  *LOCAL AFFILIATE BREAK 2:00  ***"
"05-24-2015 MOVIES! Sun FINAL (05/22/15 11:33:14 AM)","Page 10 of 1505-24-2015 MOVIES! Sun FINAL","Start Time","Length","Brk. Code Fmt.","Content Type","Description","Ad-ID","12:07:07 XM","2:00","AFIL","CM","(253635-2-32) Lipozene - DR--ZENE Lipozene :120--LRB2 LIPO120REALB2B :120","LRB204081","12:09:07 XM",":15","PRO","PRO","NEXT_SUN MOVIE 8","1142","12:09:22 XM","12:22","ENT","SONYM302  Annie (1982)","12:21:44 XM","4:30","Break 7","12:21:44 XM",":15","PRO","PRO","IMAGE_MOVIES! WEB REMINDER WIDGET","1325","12:21:59 XM","2:00","CM","CM","(246914-3-127) Guthy Renker - DR--CHAZ CHAZ DEAN HAIR :120 (hair products)--CDB2 :120 CHAZ DEAN BRUSH :120","CDB2NE7504H","12:23:59 XM","2:00","CM","CM","(249758-2-195) SCN Products, LLC - DR--SITC Sit N Cycle :120--SIT2 SIT N CYCLE 120","SNC3120RM","12:25:59 XM",":15","PRO","PRO","IMAGE_MEMORIAL_DAY_MOVIES_MON","1223","12:26:14 XM","9:34","ENT","SONYM302  Annie (1982)","12:35:48 XM","3:30","Break 8","12:35:48 XM",":15","PRO","PRO","NEXT_SUN MOVIE 8","1142","12:36:03 XM",":15","PRO","PRO","PRIME_ICONS_TUES PRIME MOVIE - TUES 8/7C","2203","12:36:18 XM","***  *LOCAL AFFILIATE BREAK 3:00  ***","12:36:18 XM","2:00","AFIL","CM","(248980-6-10) Eisai Inc. - DR--BVQ Belviq :120 (weight loss drug)--5221 BELVIQ APR-JUNE 2015 :120","0072426266H","12:38:18 XM","1:00","AFIL","CM","(249721-3-56) Cancer Treatment Centers - DR--CTCA Cancer Treatment Centers :60--5223 CABLE SCATTER :60","RMFNA6009H","12:39:18 XM","15:22","ENT","SONYM302  Annie (1982)","12:54:40 XM",":05","Legal ID","12:54:40 XM","***  *LEGAL AFFILIATE ID TRIGGER  ***","12:54:40 XM",":05","ID","PRO","LEGAL ID - BLANK BED","1004","12:54:45 XM",":15","Close","12:54:45 XM",":15","PRO","PRO","NEXT_SUN MOVIE 8","1142","12:55:00 XM","2:10:00","Movies!/Paper Moon/2:10:00--Movies!","12:55:00 XM","***  Paper Moon  ***","12:55:00 XM",":15","Open","12:55:00 XM",":15","PRO","PRO","MOVIE OPEN: TV-PG (D) - CC","1089","12:55:15 XM","18:16","ENT","Segment 1","1:13:31 XM","3:30","Break 1","1:13:31 XM",":15","PRO","PRO","PRIME_ICONS_WEDS PRIME MOVIE - WEDS 8/7C","2206","1:13:46 XM","1:00","CM","CM","(253917-2-2) RevShare - DR--LION Relion Group :60 - stroke lawsuit--U162 Pradaxa Tort :60 - stroke lawsuit","U162ZZ40Y9LS","1:14:46 XM","***  *LOCAL AFFILIATE BREAK 2:00  ***","1:14:46 XM","1:00","AFIL","CM","(249721-3-41) Cancer Treatment Centers - DR--CTCA Cancer Treatment Centers :60--5223 CABLE SCATTER :60","LTMNA6008H","1:15:46 XM","1:00","AFIL","CM","(253029-1-29) Medical Direct Club LLC - DR--MDCL Medical Direct Club :60s--BWRF Better Way remake Female :60","FBWR01158020","1:16:46 XM",":15","PRO","PRO","IMAGE_BILLY_WILDER_ICONATHON_MAY31","1265","1:17:01 XM","11:08","ENT","Segment 2","1:28:09 XM","4:30","Break 2","1:28:09 XM",":30","PRO","PRO","IMAGE_OUR NAME SAYS IT ALL","1169","1:28:39 XM","2:00","CM","CM","(249758-2-196) SCN Products, LLC - DR--SITC Sit N Cycle :120--SIT2 SIT N CYCLE 120","SNC3120RM","1:30:39 XM","2:00","CM","CM","(254408-3-1) IdeaVillage Products Corp. - DR--Copper Fit Back :120--COPBAK2MF078H (800-895-8929)","COPBAK2MF078H","1:32:39 XM","10:51","ENT","Segment 3","1:43:30 XM","3:30","Break 3","1:43:30 XM",":15","PRO","PRO","IMAGE_MEMORIAL_DAY_MOVIES_MON","1223","1:43:45 XM","***  *LOCAL AFFILIATE BREAK 3:00  ***","1:43:45 XM","1:00","AFIL","CM","(249687-2-118) Akin Mears - DR--MESO  Mesothelioma US :60--ME60  Live Version :60","MS60FR6221H","1:44:45 XM","2:00","AFIL","CM","(253635-2-28) Lipozene - DR--ZENE Lipozene :120--LRB2 LIPO120REALB2B :120","LRB204081","1:46:45 XM",":15","PRO","PRO","PRIME_ICONS_TUES PRIME MOVIE - TUES 8/7C","2203","1:47:00 XM","13:38","ENT","Segment 4","2:00:38 XM",":05","Legal ID","2:00:38 XM","***  *LEGAL AFFILIATE ID TRIGGER  ***"
"05-24-2015 MOVIES! Sun FINAL (05/22/15 11:33:14 AM)","Page 11 of 1505-24-2015 MOVIES! Sun FINAL","Start Time","Length","Brk. Code Fmt.","Content Type","Description","Ad-ID","2:00:38 XM",":05","ID","PRO","LEGAL ID - BLANK BED","1004","2:00:43 XM","4:00","Break 4","2:00:43 XM",":15","PRO","PRO","PRIME_ICONS_WEDS PRIME MOVIE - WEDS 8/7C","2206","2:00:58 XM","1:00","CM","CM","(253787-8-2) Health Media Connection - DR--Dental Plus :60--Dental Plus:60  isci  TRG4440378","TRG4440378","2:01:58 XM",":30","CM","CM","(249427-15-27) Stamps.com - DR--STMP  Stamps.com :30--2015  STAMPS.COM 2015","STAM0030R2BH","2:02:28 XM","***  *LOCAL AFFILIATE BREAK 2:00  ***","2:02:28 XM","1:00","AFIL","CM","(252795-2-58) Senior Life Insurance - DR--May 2015- ROP4--May 2015- ROP4","ROP4H","2:03:28 XM","1:00","AFIL","CM","(234202-2-171) Fidelity Final Expense (PI)--Fidelity Final Expenses :60 - FIDL60--#4292917-7424 398-7424","4292177424","2:04:28 XM",":15","PRO","PRO","IMAGE_BILLY_WILDER_ICONATHON_MAY31","1265","2:04:43 XM","13:04","ENT","Segment 5","2:17:47 XM","4:30","Break 5","2:17:47 XM",":15","PRO","PRO","IMAGE_MEMORIAL_DAY_MOVIES_MON","1223","2:18:02 XM","2:00","CM","CM","(247231-2-96) ONTEL Products Corporation - DR--BAMB MIRACLE BAMBOO PILLOW :120--BAM2 :120 BAMBOO PILLOW","BAM2NE3429","2:20:02 XM","2:00","CM","CM","(254302-7-1) All Star Marketing - DR--Power Floss :120--FLOSS2MA031 (800-839-5138)","PFLOSS2MA031","2:22:02 XM",":15","PRO","PRO","PRIME_ICONS_TUES PRIME MOVIE - TUES 8/7C","2203","2:22:17 XM","13:43","ENT","Segment 6","2:36:00 XM","3:30","Break 6","2:36:00 XM",":15","PRO","PRO","NEXT_SUN MOVIE 9","1143","2:36:15 XM","2:00","CM","CM","(253778-1-9) All Star Marketing - DR--SECR Secret Extensions :120--DDD2 SE-Daisy BOGO Adult :120","DDD2MOVI4642H","2:38:15 XM","1:00","CM","CM","(253921-3-1) RevShare - DR--LION Relion Group :60 - low testosterone--LWT6 Relion LowT :60","U1YNZZQVMLZS","2:39:15 XM",":15","PRO","PRO","PRIME_ICONS_WEDS PRIME MOVIE - WEDS 8/7C","2206","2:39:30 XM","9:42","ENT","Segment 7","2:49:12 XM","3:30","Break 7","2:49:12 XM",":15","PRO","PRO","NEXT_SUN MOVIE 9","1143","2:49:27 XM","***  *LOCAL AFFILIATE BREAK 3:00  ***","2:49:27 XM","2:00","AFIL","CM","(253635-2-21) Lipozene - DR--ZENE Lipozene :120--LRB2 LIPO120REALB2B :120","LRB204081","2:51:27 XM","1:00","AFIL","CM","(253787-3-7) Health Media Connection - DR--Dental Plus :60--Dental Plus:60  isci  TRG4440378","TRG4440378","2:52:27 XM",":15","PRO","PRO","IMAGE_BILLY_WILDER_ICONATHON_MAY31","1265","2:52:42 XM","11:58","ENT","Segment 8","3:04:40 XM",":05","Legal ID","3:04:40 XM","***  *LEGAL AFFILIATE ID TRIGGER  ***","3:04:40 XM",":05","ID","PRO","LEGAL ID - BLANK BED","1004","3:04:45 XM",":15","Close","3:04:45 XM",":15","PRO","PRO","NEXT_SUN MOVIE 9","1143","3:05:00 XM","2:50:00","Movies!/ 9seg/2:45:00--Movies!","3:05:00 XM","***  Annie (1982)  ***","3:05:00 XM",":15","Open","3:05:00 XM",":15","PRO","PRO","MOVIE OPEN: TV-PG","1051","3:05:15 XM","18:59","ENT","SONYM302  Annie (1982)","3:24:14 XM","4:30","Break 1","3:24:14 XM",":15","PRO","PRO","IMAGE_MEMORIAL_DAY_MOVIES_MON","1223","3:24:29 XM","2:00","CM","CM","(254349-7-1) All Star Marketing - DR--Wonder Wallet Allstar :120--ALLWOW2ME013 (800-335-3108)","ALLWOW2ME013","3:26:29 XM","***  *LOCAL AFFILIATE BREAK 2:00  ***","3:26:29 XM","2:00","AFIL","CM","(248980-1-48) Eisai Inc. - DR--BVQ Belviq :120 (weight loss drug)--5221 BELVIQ APR-JUNE 2015 :120","0072426266H","3:28:29 XM",":15","PRO","PRO","IMAGE_ICONIC ACTOR MARILYN MONROE","1300","3:28:44 XM","21:00","ENT","SONYM302  Annie (1982)","3:49:44 XM","5:30","Break 2","3:49:44 XM",":15","PRO","PRO","PRIME_ICONS_WEDS PRIME MOVIE - WEDS 8/7C","2206"
"05-24-2015 MOVIES! Sun FINAL (05/22/15 11:33:14 AM)","Page 12 of 1505-24-2015 MOVIES! Sun FINAL","Start Time","Length","Brk. Code Fmt.","Content Type","Description","Ad-ID","3:49:59 XM","2:00","CM","CM","(254408-5-1) IdeaVillage Products Corp. - DR--Copper Fit Back :120--COPBAK2MF078H (800-895-8929)","COPBAK2MF078H","3:51:59 XM","***  *LOCAL AFFILIATE BREAK 3:00  ***","3:51:59 XM","1:00","AFIL","CM","(252702-2-118) Senior Life Insurance - DR--2Q 2015- MAY--2Q 2015","FINALEXP13NAT4","3:52:59 XM","1:00","AFIL","CM","(253787-3-9) Health Media Connection - DR--Dental Plus :60--Dental Plus:60  isci  TRG4440378","TRG4440378","3:53:59 XM","1:00","AFIL","CM","(234529-2-246) Listen Up America (PI)--LUAL 60 4836  800-527-4836--LUAL 60 4836  800-527-4836","LUAL604836","3:54:59 XM",":15","PRO","PRO","PRIME_ICONS_TUES PRIME MOVIE - TUES 8/7C","2203","3:55:14 XM",":05","Legal ID","3:55:14 XM","***  *LEGAL AFFILIATE ID TRIGGER  ***","3:55:14 XM",":05","ID","PRO","LEGAL ID - BLANK BED","1004","3:55:19 XM","11:26","ENT","SONYM302  Annie (1982)","4:06:45 XM","5:30","Break 3","4:06:45 XM",":30","PRO","PRO","IMAGE_SOUND BITE","1180","4:07:15 XM","2:00","CM","CM","(246914-4-195) Guthy Renker - DR--CHAZ CHAZ DEAN HAIR :120 (hair products)--CDB2 :120 CHAZ DEAN BRUSH :120","CDB2NE7504H","4:09:15 XM","1:00","CM","CM","(253921-3-13) RevShare - DR--LION Relion Group :60 - low testosterone--LWT6 Relion LowT :60","U1YNZZQVMLZS","4:10:15 XM","***  *LOCAL AFFILIATE BREAK 2:00  ***","4:10:15 XM","2:00","AFIL","CM","(248980-1-87) Eisai Inc. - DR--BVQ Belviq :120 (weight loss drug)--5221 BELVIQ APR-JUNE 2015 :120","0072426266H","4:12:15 XM","11:38","ENT","SONYM302  Annie (1982)","4:23:53 XM","5:30","Break 4","4:23:53 XM",":15","PRO","PRO","IMAGE_MAGIC OF MOVIES!","1121","4:24:08 XM","2:00","CM","CM","(253778-1-7) All Star Marketing - DR--SECR Secret Extensions :120--DDD2 SE-Daisy BOGO Adult :120","DDD2MOVI4642H","4:26:08 XM","2:00","CM","CM","(254411-5-2) Swift Response - DR--Flex Seal Colors :120--FSCOLO2MC040H (800-822-4193)","FSCOLO2MC040H","4:28:08 XM","1:00","CM","CM","(253787-8-1) Health Media Connection - DR--Dental Plus :60--Dental Plus:60  isci  TRG4440378","TRG4440378","4:29:08 XM",":15","PRO","PRO","IMAGE_BILLY_WILDER_ICONATHON_MAY31","1265","4:29:23 XM","14:48","ENT","SONYM302  Annie (1982)","4:44:11 XM","5:30","Break 5","4:44:11 XM",":15","PRO","PRO","IMAGE_MEMORIAL_DAY_MOVIES_MON","1223","4:44:26 XM","2:00","CM","CM","(254348-7-1) All Star Marketing - DR--Purse Pouch :120--PPOUCH2MF018 (800-399-6716)","PPOUCH2MF018","4:46:26 XM","***  *LOCAL AFFILIATE BREAK 3:00  ***","4:46:26 XM","2:00","AFIL","CM","(248980-1-51) Eisai Inc. - DR--BVQ Belviq :120 (weight loss drug)--5221 BELVIQ APR-JUNE 2015 :120","0072426266H","4:48:26 XM","1:00","AFIL","CM","(253029-1-26) Medical Direct Club LLC - DR--MDCL Medical Direct Club :60s--BWRF Better Way remake Female :60","FBWR01158020","4:49:26 XM",":15","PRO","PRO","PRIME_ICONS_TUES PRIME MOVIE - TUES 8/7C","2203","4:49:41 XM","12:06","ENT","SONYM302  Annie (1982)","5:01:47 XM",":05","Legal ID","5:01:47 XM","***  *LEGAL AFFILIATE ID TRIGGER  ***","5:01:47 XM",":05","ID","PRO","LEGAL ID - BLANK BED","1004","5:01:52 XM","4:30","Break 6","5:01:52 XM",":15","PRO","PRO","PRIME_ICONS_WEDS PRIME MOVIE - WEDS 8/7C","2206","5:02:07 XM","2:00","CM","CM","(246914-4-194) Guthy Renker - DR--CHAZ CHAZ DEAN HAIR :120 (hair products)--CDB2 :120 CHAZ DEAN BRUSH :120","CDB2NE7504H","5:04:07 XM","***  *LOCAL AFFILIATE BREAK 2:00  ***","5:04:07 XM","1:00","AFIL","CM","(253787-10-1) Health Media Connection - DR--Dental Plus :60--Dental Plus:60  isci  TRG4440378","TRG4440378","5:05:07 XM","1:00","AFIL","CM","(234201-2-170) Advanced Tax Help (PI)--Advanced Tax Help :60--ATX60-0575  354-0575","ATX600575","5:06:07 XM",":15","PRO","PRO","IMAGE_BILLY_WILDER_ICONATHON_MAY31","1265","5:06:22 XM","12:22","ENT","SONYM302  Annie (1982)","5:18:44 XM","5:30","Break 7","5:18:44 XM",":15","PRO","PRO","NEXT_SUN MOVIE 10","1144","5:18:59 XM","2:00","CM","CM","(247231-2-91) ONTEL Products Corporation - DR--BAMB MIRACLE BAMBOO PILLOW :120--BAM2 :120 BAMBOO PILLOW","BAM2NE3429","5:20:59 XM","1:00","CM","CM","(253917-1-1) RevShare - DR--LION Relion Group :60 - stroke lawsuit--U162 Pradaxa Tort :60 - stroke lawsuit","U162ZZ40Y9LS","5:21:59 XM","2:00","CM","CM","(254302-9-1) All Star Marketing - DR--Power Floss :120--FLOSS2MA031 (800-839-5138)","PFLOSS2MA031"
"05-24-2015 MOVIES! Sun FINAL (05/22/15 11:33:14 AM)","Page 13 of 1505-24-2015 MOVIES! Sun FINAL","Start Time","Length","Brk. Code Fmt.","Content Type","Description","Ad-ID","5:23:59 XM",":15","PRO","PRO","IMAGE_MEMORIAL_DAY_MOVIES_MON","1223","5:24:14 XM","9:34","ENT","SONYM302  Annie (1982)","5:33:48 XM","5:30","Break 8","5:33:48 XM",":15","PRO","PRO","NEXT_SUN MOVIE 10","1144","5:34:03 XM",":15","PRO","PRO","PRIME_ICONS_TUES PRIME MOVIE - TUES 8/7C","2203","5:34:18 XM","2:00","CM","CM","(246914-4-103) Guthy Renker - DR--CHAZ CHAZ DEAN HAIR :120 (hair products)--CDB2 :120 CHAZ DEAN BRUSH :120","CDB2NE7504H","5:36:18 XM","***  *LOCAL AFFILIATE BREAK 3:00  ***","5:36:18 XM","1:00","AFIL","CM","(253787-4-7) Health Media Connection - DR--Dental Plus :60--Dental Plus:60  isci  TRG4440378","TRG4440378","5:37:18 XM","1:00","AFIL","CM","(253554-2-33) TriStone Solutions-PI--Beverly Hills Litigation Group- IVC tort--310-449-1477- IVC100IH","IVC1001H","5:38:18 XM","1:00","AFIL","CM","(252795-2-85) Senior Life Insurance - DR--May 2015- ROP4--May 2015- ROP4","ROP4H","5:39:18 XM","15:22","ENT","SONYM302  Annie (1982)","5:54:40 XM",":05","Legal ID","5:54:40 XM","***  *LEGAL AFFILIATE ID TRIGGER  ***","5:54:40 XM",":05","ID","PRO","LEGAL ID - BLANK BED","1004","5:54:45 XM",":15","Close","5:54:45 XM",":15","PRO","PRO","NEXT_SUN MOVIE 10","1144","5:55:00 XM","2:05:00","Movies!/ 7seg/2:05:00--Movies!","5:55:00 XM","***  Macho Callahan  ***","5:55:00 XM",":15","Open","5:55:00 XM",":15","PRO","PRO","MOVIE OPEN: TV-PG (V)","1052","5:55:15 XM","16:24","ENT","SONYM64  Macho Callahan","6:11:39 XM","4:30","Break 1","6:11:39 XM",":15","PRO","PRO","PRIME_ICONS_WEDS PRIME MOVIE - WEDS 8/7C","2206","6:11:54 XM","2:00","CM","CM","(253640-10-2) IdeaVillage Products Corp. - DR--Copper Fit :120--COPFIT2MI031H (800-698-5606)","COPFIT2MI031H","6:13:54 XM","***  *LOCAL AFFILIATE BREAK 2:00  ***","6:13:54 XM","2:00","AFIL","CM","(253635-1-22) Lipozene - DR--ZENE Lipozene :120--LRB2 LIPO120REALB2B :120","LRB204081","6:15:54 XM",":15","PRO","PRO","IMAGE_BILLY_WILDER_ICONATHON_MAY31","1265","6:16:09 XM","15:07","ENT","SONYM64  Macho Callahan","6:31:16 XM","4:40","Break 2","6:31:16 XM",":30","PRO","PRO","IMAGE_AT THE MOVIES","1246","6:31:46 XM",":30","CM","CM","(253213-5-9) Club W - DR--CLUW Club W :30 (wine club)--WHL3 Club W REV Holiday :30","WHL30000H","6:32:16 XM",":30","CM","CM","(249427-16-40) Stamps.com - DR--STMP  Stamps.com :30--2015  STAMPS.COM 2015","STAM0030R2BH","6:32:46 XM","1:00","CM","CM","(253554-1-17) TriStone Solutions-PI--Beverly Hills Litigation Group- IVC tort--310-449-1477- IVC100IH","IVC1001H","6:33:46 XM","2:00","CM","CM","(254348-9-1) All Star Marketing - DR--Purse Pouch :120--PPOUCH2MF018 (800-399-6716)","PPOUCH2MF018","6:35:46 XM",":10","PRO","PRO","IMAGE_FAST-CUT STARS","1192","6:35:56 XM","12:50","ENT","SONYM64  Macho Callahan","6:48:46 XM","4:30","Break 3","6:48:46 XM",":15","PRO","PRO","IMAGE_MEMORIAL_DAY_MOVIES_MON","1223","6:49:01 XM","1:00","CM","CM","(248978-1-40) RevShare - DR--LION Relion Group :60--LIP6 Lipitor Tort Lit Relion :60","U1M1ZZ6I7KAS","6:50:01 XM","***  *LOCAL AFFILIATE BREAK 3:00  ***","6:50:01 XM","1:00","AFIL","CM","(252795-2-87) Senior Life Insurance - DR--May 2015- ROP4--May 2015- ROP4","ROP4H","6:51:01 XM","2:00","AFIL","CM","(254414-7-1) Swift Response - DR--Flex Shot V4 (Cannon) :120--4FSHOTMG001H (800-660-5834)","4FSHOT2MG001H","6:53:01 XM",":15","PRO","PRO","PRIME_ICONS_TUES PRIME MOVIE - TUES 8/7C","2203","6:53:16 XM","10:17","ENT","SONYM64  Macho Callahan","7:03:33 XM",":05","Legal ID","7:03:33 XM","***  *LEGAL AFFILIATE ID TRIGGER  ***","7:03:33 XM",":05","ID","PRO","LEGAL ID - BLANK BED","1004","7:03:38 XM","4:40","Break 4"
"05-24-2015 MOVIES! Sun FINAL (05/22/15 11:33:14 AM)","Page 14 of 1505-24-2015 MOVIES! Sun FINAL","Start Time","Length","Brk. Code Fmt.","Content Type","Description","Ad-ID","7:03:38 XM",":15","PRO","PRO","PRIME_ICONS_WEDS PRIME MOVIE - WEDS 8/7C","2206","7:03:53 XM",":15","PRO","PRO","IMAGE_MOVIES! FACEBOOK","1196","7:04:08 XM","2:00","CM","CM","(254349-9-1) All Star Marketing - DR--Wonder Wallet Allstar :120--ALLWOW2ME013 (800-335-3108)","ALLWOW2ME013","7:06:08 XM","***  *LOCAL AFFILIATE BREAK 2:00  ***","7:06:08 XM","1:00","AFIL","CM","(234529-2-171) Listen Up America (PI)--LUAL 60 4836  800-527-4836--LUAL 60 4836  800-527-4836","LUAL604836","7:07:08 XM","1:00","AFIL","CM","(253554-2-34) TriStone Solutions-PI--Beverly Hills Litigation Group- IVC tort--310-449-1477- IVC100IH","IVC1001H","7:08:08 XM",":10","PRO","PRO","IMAGE_GENRE MOVIES!","1309","7:08:18 XM","12:57","ENT","SONYM64  Macho Callahan","7:21:15 XM","4:30","Break 5","7:21:15 XM",":15","PRO","PRO","NEXT_MON MOVIE 1","2000","7:21:30 XM","2:00","CM","CM","(254408-7-1) IdeaVillage Products Corp. - DR--Copper Fit Back :120--COPBAK2MF078H (800-895-8929)","COPBAK2MF078H","7:23:30 XM","2:00","CM","CM","(254411-7-3) Swift Response - DR--Flex Seal Colors :120--FSCOLO2MC040H (800-822-4193)","FSCOLO2MC040H","7:25:30 XM",":15","PRO","PRO","IMAGE_BILLY_WILDER_ICONATHON_MAY31","1265","7:25:45 XM","13:13","ENT","SONYM64  Macho Callahan","7:38:58 XM","4:30","Break 6","7:38:58 XM",":15","PRO","PRO","NEXT_MON MOVIE 1","2000","7:39:13 XM","1:00","CM","CM","(248974-1-63) RevShare - DR--CBCS CBC Settlement :60--CBC6 Settlement Funding :60","U1QYZZ7TI6FS","7:40:13 XM","***  *LOCAL AFFILIATE BREAK 3:00  ***","7:40:13 XM","2:00","AFIL","CM","(253635-1-14) Lipozene - DR--ZENE Lipozene :120--LRB2 LIPO120REALB2B :120","LRB204081","7:42:13 XM","1:00","AFIL","CM","(253787-4-9) Health Media Connection - DR--Dental Plus :60--Dental Plus:60  isci  TRG4440378","TRG4440378","7:43:13 XM",":15","PRO","PRO","PRIME_ICONS_TUES PRIME MOVIE - TUES 8/7C","2203","7:43:28 XM","16:12","ENT","SONYM64  Macho Callahan","7:59:40 XM",":05","Legal ID","7:59:40 XM","***  *LEGAL AFFILIATE ID TRIGGER  ***","7:59:40 XM",":05","ID","PRO","LEGAL ID - BLANK BED","1004","7:59:45 XM",":15","Close","7:59:45 XM",":15","PRO","PRO","NEXT_MON MOVIE 1","2000","8:00:00 XM","[SignOff] : MOVI/MOVIE/Primary Log, Sun 5/24/15, 8:00 XM"
"05-24-2015 MOVIES! Sun FINAL (05/22/15 11:33:14 AM)","Page 15 of 15"